INSERT INTO PUBLIC.SUBJECT (SUBJECT_ID, TITLE) VALUES (1, 'subject 1');
INSERT INTO PUBLIC.SUBJECT (SUBJECT_ID, TITLE) VALUES (2, 'subject 2');
INSERT INTO PUBLIC.SUBJECT (SUBJECT_ID, TITLE) VALUES (3, 'subject 3');

INSERT INTO PUBLIC.GROUPS (GROUP_ID, NAME) VALUES (4, 'grp1');
INSERT INTO PUBLIC.GROUPS (GROUP_ID, NAME) VALUES (5, 'grp2');
INSERT INTO PUBLIC.GROUPS (GROUP_ID, NAME) VALUES (6, 'grp3');

INSERT INTO PUBLIC.TEACHER (TEACHER_ID, GROUP_ID, SUBJECT_ID) VALUES (13, 4, 1);
INSERT INTO PUBLIC.TEACHER (TEACHER_ID, GROUP_ID, SUBJECT_ID) VALUES (14, 4, 2);
INSERT INTO PUBLIC.TEACHER (TEACHER_ID, GROUP_ID, SUBJECT_ID) VALUES (15, 4, 3);
INSERT INTO PUBLIC.TEACHER (TEACHER_ID, GROUP_ID, SUBJECT_ID) VALUES (16, 5, 3);


INSERT INTO PUBLIC.STUDENT (STUDENT_ID, FIRST_NAME, LAST_NAME, GROUP_ID) VALUES (7, 'fn', 'ln', 4);
INSERT INTO PUBLIC.STUDENT (STUDENT_ID, FIRST_NAME, LAST_NAME, GROUP_ID) VALUES (8, 'fdn', 'ldn', 4);
INSERT INTO PUBLIC.STUDENT (STUDENT_ID, FIRST_NAME, LAST_NAME, GROUP_ID) VALUES (9, 'fddn', 'lddn', 4);
INSERT INTO PUBLIC.STUDENT (STUDENT_ID, FIRST_NAME, LAST_NAME, GROUP_ID) VALUES (10, 'fdsfsddn', 'lddsdfsdfn', 5);
INSERT INTO PUBLIC.STUDENT (STUDENT_ID, FIRST_NAME, LAST_NAME, GROUP_ID) VALUES (11, 'fdsfsdsfsdn', 'sdfsf', 5);
INSERT INTO PUBLIC.STUDENT (STUDENT_ID, FIRST_NAME, LAST_NAME, GROUP_ID) VALUES (12, 'fdsfsdsfsfsfsdn', 'sfdsdfdsf', 5);


INSERT INTO PUBLIC.MARK (MARK_ID, DATE, MARK, STUDENT_ID, SUBJECT_ID) VALUES (17, '2022-10-19 19:19:41.824399', 124, 7, 1);
INSERT INTO PUBLIC.MARK (MARK_ID, DATE, MARK, STUDENT_ID, SUBJECT_ID) VALUES (18, '2022-10-19 19:20:34.611793', 124, 7, 1);
INSERT INTO PUBLIC.MARK (MARK_ID, DATE, MARK, STUDENT_ID, SUBJECT_ID) VALUES (19, '2022-10-19 19:20:45.860851', 1224, 8, 2);
INSERT INTO PUBLIC.MARK (MARK_ID, DATE, MARK, STUDENT_ID, SUBJECT_ID) VALUES (20, '2022-10-19 19:20:52.511020', 12, 9, 2);
INSERT INTO PUBLIC.MARK (MARK_ID, DATE, MARK, STUDENT_ID, SUBJECT_ID) VALUES (21, '2022-10-19 19:21:39.864159', 12, 9, 2);
INSERT INTO PUBLIC.MARK (MARK_ID, DATE, MARK, STUDENT_ID, SUBJECT_ID) VALUES (22, '2022-10-19 19:21:46.026039', 122, 9, 3);
